id;phone;first_name;last_name;email;description;city
1;0402800768;Roméo;Moreau;Francisque.Riviere@hotmail.fr;tout ouille complètement;Saint-Étienne
2;0120880285;Maximilien;Denis;Gabrielle_Simon26@gmail.com;ainsi;Créteil
3;0569825712;Astrée;Rousseau;Johan53@hotmail.fr;outre;Toulouse
4;+33 379301486;Jeannel;David;Palemon60@gmail.com;insolite au défaut de;Neuilly-sur-Seine
5;0389193376;Antoinette;Muller;Nestor.Mathieu@hotmail.fr;énorme;Dunkerque
6;+33 756671427;Bérard;Blanc;Bastien33@yahoo.fr;élever;Champigny-sur-Marne
7;0407404365;Flavie;Schmitt;Fortunee_Gonzalez@hotmail.fr;grâce à du moment que lentement;Pau
8;0105503854;Artémis;Dufour;Paulette.Rolland@hotmail.fr;au lieu de;Niort
9;0259515214;Benoît;Carre;Audrey69@yahoo.fr;divinement oui puisque;Clichy
10;+33 790361183;Alpinien;Aubry;Benoit51@yahoo.fr;d'après au cas où;Lille
11;0454578056;Andéol;Cousin;Magali.Legall37@yahoo.fr;équipe de recherche sans doute;Levallois-Perret
12;0385220522;Alcine;Cousin;Alberte38@yahoo.fr;fidèle accuser;Brest
13;+33 534011707;Aphélie;Julien;Pierre.Brunet@hotmail.fr;quant à;Saint-Étienne
14;0386883793;Arcade;Fournier;Justine_Schmitt@gmail.com;au point que si bien que plutôt;Tourcoing
15;0494814641;Corinne;Lemaire;Alexine40@gmail.com;pour que hé commissionnaire;Fort-de-France
16;0366974498;Denis;Noel;Argine0@gmail.com;comment de sorte que;Villejuif
17;+33 750070515;Ansberte;Jacquet;Almine.Breton@hotmail.fr;vaste sacrifier;Clermont-Ferrand
18;+33 440765706;Agnès;Breton;Camillien_Faure@gmail.com;diplomate d'entre;Cergy
19;+33 558750782;Gertrude;Thomas;Charline_Mathieu@yahoo.fr;lorsque glouglou cadre;Orléans
20;+33 765960908;Nestor;Rodriguez;Perrine30@hotmail.fr;de manière à ce que emmener personnel professionnel;Amiens
21;0297482557;Laure;Moulin;Ysaline69@gmail.com;autrement;Vénissieux
22;+33 363001289;Chrysole;Clement;Artemis_Leroux5@yahoo.fr;chef de cuisine;Tourcoing
23;0613441935;Aymardine;Richard;Barthelemy.Mathieu@gmail.com;gens miam pendant;Reims
24;0713689605;Abdonie;Sanchez;Theodore73@yahoo.fr;sauvage insolite envahir;Montauban
25;+33 649159552;Violette;Meyer;Arthur.Garnier@gmail.com;désormais délégation;Les Abymes
26;+33 661909715;Claudine;Charles;Brunehilde18@gmail.com;combien areu areu du côté de;Créteil
27;+33 766089559;Liétald;Arnaud;Aglae.Vidal@yahoo.fr;à condition que oui;Ivry-sur-Seine
28;+33 145145623;Renée;Roche;Rita_Morel56@hotmail.fr;bien que fort;Ajaccio
29;0456194282;Fantine;Benoit;Flore.Gautier@yahoo.fr;cuicui;Pessac
30;0121145419;Archambaud;Roux;Abondance_Bernard@hotmail.fr;mesurer;Amiens
