id;url;type;format;size_bytes;width;height;duration_sec;is_main;display_order;alt_text;uploaded_at
1;https://minuscule-dietetiste.name/;VIDEO;JPG;3185;32072;21327;26747;false;15654;malgré antagoniste;2026-05-23T03:17:20
2;https://temeraire-biathlete.name;VIDEO;MP4;12930;18467;2083;9550;true;13400;terminer longtemps du fait que;2026-05-23T00:31:18
3;https://timide-juriste.fr/;IMAGE;GIF;26370;1839;18263;10093;true;7235;dès que;2026-05-22T19:35:58
4;https://acre-triathlete.net/;IMAGE;MP4;8701;25645;24360;994;false;4373;dedans;2026-05-23T05:11:28
5;https://enorme-chef-de-cuisine.fr;VIDEO;MP4;14715;4866;23723;27251;true;4989;porte-parole areu areu cot cot;2026-05-22T15:02:21
6;https://aimable-chef.info/;VIDEO;PNG;21578;5044;1749;17941;true;24292;à défaut de;2026-05-22T19:23:53
7;https://propre-diplomate.name/;VIDEO;MP4;942;23319;1761;1849;true;19300;également extra;2026-05-22T20:20:07
8;https://fade-membre-titulaire.net;IMAGE;WEBP;25467;16100;10617;2151;true;8032;exprès tant fourbe;2026-05-22T14:33:54
9;https://svelte-membre-du-personnel.org/;IMAGE;PNG;4804;22569;2649;7133;false;27978;à partir de marron;2026-05-23T12:26:11
10;https://circulaire-membre-du-personnel.net;IMAGE;MP4;10465;742;2142;94;false;32312;aïe;2026-05-23T06:48:31
11;https://mince-rectorat.fr;IMAGE;WEBP;3336;12071;22395;26230;true;29543;coin-coin personnel aussitôt que;2026-05-22T23:45:15
12;https://apte-equipe-de-recherche.fr;IMAGE;MP4;28246;6115;7094;2592;false;30439;visiter gens présidence;2026-05-22T18:52:24
13;https://terne-parlementaire.com/;IMAGE;JPG;24303;5137;25420;16336;false;11873;prestataire de services;2026-05-22T15:35:13
14;https://altruiste-biathlete.name/;VIDEO;WEBP;10470;22820;22141;21948;false;10678;étant donné que;2026-05-23T02:01:43
15;https://horrible-delegation.name;IMAGE;JPG;3784;415;19502;30144;true;21100;rudement biathlète;2026-05-23T11:12:25
16;https://solitaire-electorat.eu/;VIDEO;WEBP;25838;7022;29281;16531;true;13702;au défaut de approximativement;2026-05-23T02:01:53
17;https://ferme-redaction.info/;IMAGE;WEBP;18847;21190;20462;25048;true;3967;membre de l’équipe touriste à condition que;2026-05-22T21:50:43
18;https://hirsute-diplomate.eu;VIDEO;MP4;2102;16565;22130;28943;true;14055;en plus de touchant;2026-05-23T00:04:41
19;https://charitable-equipe.net;IMAGE;JPG;8226;25033;21646;7842;true;21870;cot cot;2026-05-22T19:56:36
20;https://tendre-adversaire.fr;VIDEO;PNG;2145;8435;9417;15270;false;26313;quelquefois;2026-05-23T06:09:53
21;https://dense-gens.name;IMAGE;MP4;8246;18593;29854;25967;false;7767;meuh aussitôt que;2026-05-23T01:28:15
22;https://marron-fonctionnaire.fr/;IMAGE;MP4;1992;8478;31859;11641;true;24887;à travers pourvu que;2026-05-23T06:42:48
23;https://adorable-parlementaire.fr/;IMAGE;MP4;1195;15337;13520;6348;false;20740;quand grâce à membre à vie;2026-05-23T06:42:43
24;https://hirsute-redaction.eu;IMAGE;WEBP;9639;2809;28316;14008;true;21337;quitte à atténuer;2026-05-23T10:53:47
25;https://vorace-electorat.net/;VIDEO;MP4;29323;20161;17011;31637;false;21014;reconstituer davantage devoir;2026-05-22T19:17:55
26;https://turquoise-clientele.fr;VIDEO;JPG;24987;12152;24806;21282;false;5130;après que;2026-05-22T23:11:01
27;https://pauvre-membre-titulaire.info;VIDEO;MP4;1936;19583;15929;1742;true;7033;même si pacifique;2026-05-22T17:35:26
28;https://dense-juriste.fr;VIDEO;JPG;26009;9181;27696;18848;false;17261;emplir tôt;2026-05-23T10:24:18
29;https://calme-corps-enseignant.net/;IMAGE;MP4;21021;21766;13071;24278;false;25343;jamais horrible de manière à ce que;2026-05-22T22:37:23
30;https://minuscule-patientele.org;IMAGE;GIF;24077;7458;14631;19577;true;29849;bè;2026-05-22T19:18:33
