id;provider;transaction_id;amount;currency;status;webhook_payload;processed_at
1;INTOUCH;sympathique population du Québec;20930.24;coi;PENDING;pour;2026-05-22T18:59:54
2;INTOUCH;propre;20188.9;rir;PENDING;peu;2026-05-22T21:23:59
3;ORANGE_MONEY;fonctionnaire rose doucement;26626.66;com;INITIATED;bof grâce à pauvre;2026-05-23T08:28:11
4;INTOUCH;franchir novice tant;30634.73;gra;SUCCESS;ça ouille;2026-05-23T00:51:44
5;WAVE;apaiser battre de façon que;29032.76;tel;PENDING;quand;2026-05-22T23:36:00
6;INTOUCH;au point que mélancolique;9260.35;inc;FAILED;altruiste tsoin-tsoin;2026-05-23T10:11:27
7;INTOUCH;miam si administration;3828.76;tan;SUCCESS;dring;2026-05-23T12:34:14
8;ORANGE_MONEY;vivace sur à seule fin de;9303.17;oui;INITIATED;glouglou secours;2026-05-23T04:58:24
9;ORANGE_MONEY;dès relever excéder;21277.13;pri;PENDING;oh personnel meubler;2026-05-23T13:16:45
10;ORANGE_MONEY;jeune enfant;1570.96;imp;SUCCESS;bien que de manière à ce que que;2026-05-22T16:25:59
11;ORANGE_MONEY;souligner sous couleur de;23686.8;sma;PENDING;alors que dense;2026-05-23T02:34:31
12;INTOUCH;nonobstant;14046.33;par;SUCCESS;pour que clac guide;2026-05-23T02:19:19
13;INTOUCH;badaboum y;16822.28;ser;SUCCESS;accroître horrible;2026-05-23T02:49:21
14;ORANGE_MONEY;au-dessus de recta;1599.88;gai;PENDING;hypocrite sauvage quand ?;2026-05-23T01:02:52
15;INTOUCH;hormis maigre toc;10364.6;adm;SUCCESS;groin groin jeune enfant bien que;2026-05-23T08:45:54
16;INTOUCH;à travers hormis;22777.26;inc;INITIATED;hors;2026-05-22T21:18:09
17;ORANGE_MONEY;au point que vite;26933.65;soi;FAILED;rendre;2026-05-23T04:12:49
18;ORANGE_MONEY;apte soit;15200.83;en ;FAILED;à l'entour de un peu;2026-05-23T12:29:22
19;ORANGE_MONEY;amorphe refaire mature;7465.8;non;INITIATED;plouf auprès de;2026-05-22T17:08:56
20;ORANGE_MONEY;à condition que chef de cuisine;4613.05;ret;PENDING;antagoniste main-d’œuvre;2026-05-22T20:41:40
21;WAVE;secouriste crac sitôt que;29431.93;che;SUCCESS;vu que;2026-05-23T03:46:36
22;WAVE;que établir à condition que;16065.54;imi;SUCCESS;guère hier;2026-05-22T23:22:47
23;ORANGE_MONEY;sur super de manière à;30705.71;pou;INITIATED;négocier;2026-05-22T17:27:08
24;ORANGE_MONEY;quand;16760.56;tou;SUCCESS;vorace agir;2026-05-22T23:19:22
25;WAVE;touriste délectable;5574.86;pro;PENDING;commettre juger oui;2026-05-22T18:23:21
26;WAVE;à l'instar de même si;10829.13;vu ;FAILED;rater tandis que diplomate;2026-05-22T23:53:08
27;INTOUCH;police à côté de;22082.97;pat;INITIATED;intrépide de façon à ce que;2026-05-22T17:25:14
28;WAVE;près tisser exister;14990.2;som;INITIATED;quasi extra grrr;2026-05-23T07:46:18
29;ORANGE_MONEY;oups quelque;11697.47;oup;PENDING;toutefois;2026-05-23T08:59:33
30;WAVE;jusque;12799.63;hor;INITIATED;direction venger;2026-05-22T17:40:21
