id;quantity;reason;reference
1;8620;DAMAGED;adresser dessous devant
2;15442;ADJUSTMENT;après
3;11467;RESTOCK;cadre déployer trouver
4;28500;SALE;inscrire cependant quitte à
5;5786;ADJUSTMENT;perfectionner
6;16515;PACK_ASSEMBLY;vide ouin à force de
7;28310;ADJUSTMENT;bof du moment que
8;23756;ADJUSTMENT;conquérir membre titulaire cuicui
9;28775;ADJUSTMENT;détacher
10;31423;RESTOCK;dessus
11;11377;ADJUSTMENT;peu ha
12;25047;ADJUSTMENT;infiniment dès que avant
13;20827;ADJUSTMENT;selon sale énumérer
14;27552;DAMAGED;priver population du Québec ouch
15;26809;RESTOCK;à l'insu de pschitt
16;3427;PACK_ASSEMBLY;paf hi
17;14271;RESTOCK;recta
18;8105;RESTOCK;à condition que
19;14063;ADJUSTMENT;badaboum exploser débile
20;2721;SALE;autour
21;25104;SALE;soucier au-dessus
22;20688;DAMAGED;pour que
23;11844;PACK_ASSEMBLY;secours
24;16882;DAMAGED;ouah pendant que tchou tchouu
25;18092;ADJUSTMENT;concurrence rectangulaire
26;15152;SALE;prouver
27;121;PACK_ASSEMBLY;toc-toc
28;31052;RESTOCK;nager d’autant que coûter
29;15776;DAMAGED;diablement alors que mature
30;7762;SALE;guide dans la mesure où
