id;email;phone;password_hash;role;is_active;last_login_at
1;Jeannot.Morel39@hotmail.fr;0208272821;évoquer;ADMIN;false;2026-05-23T05:08:25
2;Abel29@hotmail.fr;+33 213939381;deçà administration partout;SELLER;true;2026-05-23T04:10:39
3;Astree_Lecomte@hotmail.fr;+33 522648702;rectangulaire actionnaire ferme;MANAGER;false;2026-05-22T15:38:17
4;Amiel26@hotmail.fr;0573183571;dérouler équipe;ADMIN;true;2026-05-22T20:52:41
5;Guillemette_Schmitt94@hotmail.fr;0612586468;fidèle au dépens de;SELLER;true;2026-05-23T05:49:53
6;Philippe.Gauthier@yahoo.fr;0580316725;devant;ADMIN;true;2026-05-22T14:21:46
7;Nicephore_Carpentier@yahoo.fr;+33 548460478;d'après de sorte que énorme;SELLER;true;2026-05-23T08:00:20
8;Guyot.Meunier54@gmail.com;0558126727;défier malgré collègue;MANAGER;false;2026-05-23T05:07:00
9;Antide47@yahoo.fr;0377296509;tant que;ADMIN;true;2026-05-23T10:48:42
10;Simone.Renard@yahoo.fr;+33 457173439;toc-toc de sorte que surprendre;SELLER;true;2026-05-23T02:13:02
11;Absalon_Adam@gmail.com;0263143196;fendre après-demain minuscule;MANAGER;true;2026-05-23T07:07:48
12;Ismerie_Fournier16@yahoo.fr;+33 799509592;tôt;ADMIN;false;2026-05-22T16:59:09
13;Anais.Baron@hotmail.fr;+33 770130048;du moment que;ADMIN;false;2026-05-23T10:17:13
14;Odon_Fontaine@hotmail.fr;+33 107194051;réclamer ouf hirsute;MANAGER;false;2026-05-22T23:32:50
15;Adam.Fleury79@gmail.com;+33 577115059;chut quant à parlementaire;ADMIN;true;2026-05-23T12:46:44
16;Mamert_Leclerc@yahoo.fr;+33 667524663;crac remplacer mélancolique;ADMIN;false;2026-05-23T05:58:50
17;Christiane.Perrot@gmail.com;0583276660;pin-pon;SELLER;true;2026-05-22T19:56:39
18;Julie.Lemaire24@yahoo.fr;0235731359;cadre;SELLER;false;2026-05-23T04:49:59
19;Alcyone_Philippe@yahoo.fr;0103671630;jadis derrière simple;MANAGER;true;2026-05-22T18:55:46
20;Adolphe_Leroux@gmail.com;+33 590714038;même si proche de;MANAGER;true;2026-05-22T15:18:29
21;Pierrick.Fontaine@yahoo.fr;+33 149981732;adversaire aujourd'hui exciter;SELLER;false;2026-05-23T03:19:46
22;Adeltrude.Petit84@hotmail.fr;0443014559;ah membre du personnel reculer;ADMIN;true;2026-05-22T16:58:43
23;Antonin.Roche53@hotmail.fr;0578880164;du fait que secours;MANAGER;true;2026-05-22T16:11:23
24;Joanny_Masson17@yahoo.fr;0542413125;blême d’autant que aussitôt que;MANAGER;false;2026-05-23T10:53:44
25;Landry29@hotmail.fr;+33 626662896;spécialiste responsable naguère;SELLER;false;2026-05-23T02:47:33
26;Garance45@hotmail.fr;+33 562024540;connaître aussitôt que fourbe;SELLER;true;2026-05-23T03:05:20
27;Eusebie.Clement@hotmail.fr;+33 398767784;population du Québec conseil d’administration en outre de;ADMIN;true;2026-05-22T22:49:07
28;David21@gmail.com;0596305658;plutôt dans;MANAGER;false;2026-05-23T12:54:37
29;Adalsinde_Roy74@yahoo.fr;0740866414;parce que;MANAGER;true;2026-05-22T22:02:54
30;Dorian_Michel@hotmail.fr;+33 623739758;prestataire de services parlementaire;MANAGER;true;2026-05-23T06:00:26
